epoch,time,train/box_loss,train/cls_loss,train/dfl_loss,metrics/precision(B),metrics/recall(B),metrics/mAP50(B),metrics/mAP50-95(B),val/box_loss,val/cls_loss,val/dfl_loss,lr/pg0,lr/pg1,lr/pg2
1,147.068,1.47604,3.90532,1.53959,0.07281,0.05825,0.02958,0.01621,1.23575,3.39746,1.42374,0.0009,0.0009,0.0919
2,288.778,1.42418,3.25835,1.55333,0.11125,0.07635,0.03654,0.01947,1.24941,3.27495,1.47926,0.0009595,0.0009595,0.0819595
